{
  "$schema": "https://raw.githubusercontent.com/grafana/grafana/main/docs/sources/developers/plugins/plugin.schema.json",
  "type": "panel",
  "name": "Floor_plan_quality",
  "id": "innorenew-floorplanquality-panel",
  "info": {
    "keywords": ["panel"],
    "description": "Displays air quality information on a floor plan",
    "author": {
      "name": "Mihael Berčič @ InnoRenew"
    },
    "logos": {
      "small": "img/logo.svg",
      "large": "img/logo.svg"
    },
    "links": [],
    "screenshots": [],
    "version": "1.0.0",
    "updated": "2024-03-11"
  },
  "dependencies": {
    "grafanaDependency": ">=10.3.3",
    "plugins": []
  }
}
